"","ZCTA5","STATE","COUNTY","TRACT","GEOID","POPPT","HUPT","AREAPT","AREALANDPT","ZPOP","ZHU","ZAREA","ZAREALAND","TRPOP","TRHU","TRAREA","TRAREALAND","ZPOPPCT","ZHUPCT","ZAREAPCT","ZAREALANDPCT","TRPOPPCT","TRHUPCT","TRAREAPCT","TRAREALANDPCT"
"26625",20001,11,1,3100,11001003100,855,315,64861,64861,38551,18751,5804197,5644604,2885,1131,294805,294805,2.22,1.68,1.12,1.15,29.64,27.85,22,22
"26626",20001,11,1,3200,11001003200,448,163,51331,51331,38551,18751,5804197,5644604,4913,1840,444898,444898,1.16,0.87,0.88,0.91,9.12,8.86,11.54,11.54
"26627",20001,11,1,3301,11001003301,3198,1578,439657,439657,38551,18751,5804197,5644604,3198,1578,439657,439657,8.3,8.42,7.57,7.79,100,100,100,100
"26628",20001,11,1,3302,11001003302,2134,982,198630,198630,38551,18751,5804197,5644604,2134,982,198630,198630,5.54,5.24,3.42,3.52,100,100,100,100
"26629",20001,11,1,3400,11001003400,4347,1347,1077537,917944,38551,18751,5804197,5644604,4347,1347,1077537,917944,11.28,7.18,18.56,16.26,100,100,100,100
"26630",20001,11,1,3500,11001003500,3740,1189,381867,381867,38551,18751,5804197,5644604,3740,1189,381867,381867,9.7,6.34,6.58,6.77,100,100,100,100
"26631",20001,11,1,4400,11001004400,1565,813,229625,229625,38551,18751,5804197,5644604,4572,2651,521741,521741,4.06,4.34,3.96,4.07,34.23,30.67,44.01,44.01
"26632",20001,11,1,4600,11001004600,3028,1465,436960,436960,38551,18751,5804197,5644604,3028,1465,436960,436960,7.85,7.81,7.53,7.74,100,100,100,100
"26633",20001,11,1,4701,11001004701,2544,1500,256118,256118,38551,18751,5804197,5644604,3986,2138,321251,321251,6.6,8,4.41,4.54,63.82,70.16,79.73,79.73
"26634",20001,11,1,4702,11001004702,1802,988,291364,291364,38551,18751,5804197,5644604,1802,988,324537,324537,4.67,5.27,5.02,5.16,100,100,89.78,89.78
"26635",20001,11,1,4801,11001004801,2143,1208,317491,317491,38551,18751,5804197,5644604,2143,1208,317491,317491,5.56,6.44,5.47,5.62,100,100,100,100
"26636",20001,11,1,4802,11001004802,2922,1561,288126,288126,38551,18751,5804197,5644604,2922,1561,288126,288126,7.58,8.32,4.96,5.1,100,100,100,100
"26637",20001,11,1,4901,11001004901,2087,1094,271886,271886,38551,18751,5804197,5644604,2087,1094,271886,271886,5.41,5.83,4.68,4.82,100,100,100,100
"26638",20001,11,1,4902,11001004902,2690,1530,263885,263885,38551,18751,5804197,5644604,2690,1530,263885,263885,6.98,8.16,4.55,4.67,100,100,100,100
"26639",20001,11,1,5001,11001005001,140,88,15877,15877,38551,18751,5804197,5644604,1955,1003,204752,204752,0.36,0.47,0.27,0.28,7.16,8.77,7.75,7.75
"26640",20001,11,1,5002,11001005002,504,155,16115,16115,38551,18751,5804197,5644604,6021,3853,233508,233508,1.31,0.83,0.28,0.29,8.37,4.02,6.9,6.9
"26641",20001,11,1,5800,11001005800,1205,763,350860,350860,38551,18751,5804197,5644604,2830,2306,910808,910808,3.13,4.07,6.04,6.22,42.58,33.09,38.52,38.52
"26642",20001,11,1,5900,11001005900,2998,1868,643887,643887,38551,18751,5804197,5644604,2998,1868,643887,643887,7.78,9.96,11.09,11.41,100,100,100,100
"26643",20001,11,1,6202,11001006202,0,0,155764,155764,38551,18751,5804197,5644604,33,8,11418663,6583173,0,0,2.68,2.76,0,0,1.36,2.37
"26644",20001,11,1,10100,11001010100,201,144,52356,52356,38551,18751,5804197,5644604,2621,2067,579751,579751,0.52,0.77,0.9,0.93,7.67,6.97,9.03,9.03
"26645",20002,11,1,4701,11001004701,1442,638,65133,65133,52370,26166,14195549,13616347,3986,2138,321251,321251,2.75,2.44,0.46,0.48,36.18,29.84,20.27,20.27
"26646",20002,11,1,4702,11001004702,0,0,33173,33173,52370,26166,14195549,13616347,1802,988,324537,324537,0,0,0.23,0.24,0,0,10.22,10.22
"26647",20002,11,1,6202,11001006202,5,0,420769,420769,52370,26166,14195549,13616347,33,8,11418663,6583173,0.01,0,2.96,3.09,15.15,0,3.68,6.39
"26648",20002,11,1,6804,11001006804,0,0,793312,560700,52370,26166,14195549,13616347,3670,13,2025540,1542921,0,0,5.59,4.12,0,0,39.17,36.34
"26649",20002,11,1,7901,11001007901,3822,1784,398312,398312,52370,26166,14195549,13616347,3822,1784,398312,398312,7.3,6.82,2.81,2.93,100,100,100,100
"26650",20002,11,1,7903,11001007903,1774,880,242608,242608,52370,26166,14195549,13616347,1774,880,242608,242608,3.39,3.36,1.71,1.78,100,100,100,100
"26651",20002,11,1,8001,11001008001,2784,1391,325520,325520,52370,26166,14195549,13616347,2784,1391,325520,325520,5.32,5.32,2.29,2.39,100,100,100,100
"26652",20002,11,1,8002,11001008002,2925,1600,492175,492175,52370,26166,14195549,13616347,3031,1644,578152,578152,5.59,6.11,3.47,3.61,96.5,97.32,85.13,85.13
"26653",20002,11,1,8100,11001008100,2822,1500,284141,284141,52370,26166,14195549,13616347,2910,1549,292290,292290,5.39,5.73,2,2.09,96.98,96.84,97.21,97.21
"26654",20002,11,1,8200,11001008200,2688,1509,324236,324236,52370,26166,14195549,13616347,2918,1655,340155,340155,5.13,5.77,2.28,2.38,92.12,91.18,95.32,95.32
"26655",20002,11,1,8301,11001008301,2279,1154,303975,303975,52370,26166,14195549,13616347,2279,1154,303975,303975,4.35,4.41,2.14,2.23,100,100,100,100
"26656",20002,11,1,8302,11001008302,2206,1032,260893,260893,52370,26166,14195549,13616347,2206,1032,260893,260893,4.21,3.94,1.84,1.92,100,100,100,100
"26657",20002,11,1,8402,11001008402,2149,1270,268371,268371,52370,26166,14195549,13616347,2149,1270,268371,268371,4.1,4.85,1.89,1.97,100,100,100,100
"26658",20002,11,1,8410,11001008410,1489,681,220143,220143,52370,26166,14195549,13616347,1489,681,220143,220143,2.84,2.6,1.55,1.62,100,100,100,100
"26659",20002,11,1,8701,11001008701,2407,972,384507,384507,52370,26166,14195549,13616347,2407,972,384507,384507,4.6,3.71,2.71,2.82,100,100,100,100
"26660",20002,11,1,8702,11001008702,1599,902,474437,474437,52370,26166,14195549,13616347,1599,902,474437,474437,3.05,3.45,3.34,3.48,100,100,100,100
"26661",20002,11,1,8802,11001008802,4119,1999,471790,471790,52370,26166,14195549,13616347,4119,1999,471790,471790,7.87,7.64,3.32,3.46,100,100,100,100
"26662",20002,11,1,8803,11001008803,2037,612,1151253,1151253,52370,26166,14195549,13616347,2037,612,1151253,1151253,3.89,2.34,8.11,8.45,100,100,100,100
"26663",20002,11,1,8804,11001008804,2412,1396,787215,787215,52370,26166,14195549,13616347,2412,1396,787215,787215,4.61,5.34,5.55,5.78,100,100,100,100
"26664",20002,11,1,8903,11001008903,2633,1399,299515,299515,52370,26166,14195549,13616347,2633,1399,299515,299515,5.03,5.35,2.11,2.2,100,100,100,100
"26665",20002,11,1,8904,11001008904,3309,1788,456560,456560,52370,26166,14195549,13616347,3309,1788,456560,456560,6.32,6.83,3.22,3.35,100,100,100,100
"26666",20002,11,1,9102,11001009102,2,1,153728,153728,52370,26166,14195549,13616347,4127,1854,1835955,1835502,0,0,1.08,1.13,0.05,0.05,8.37,8.38
"26667",20002,11,1,9203,11001009203,2582,1259,587344,587344,52370,26166,14195549,13616347,2582,1259,587344,587344,4.93,4.81,4.14,4.31,100,100,100,100
"26668",20002,11,1,9204,11001009204,284,181,151473,151473,52370,26166,14195549,13616347,2557,1369,303077,303077,0.54,0.69,1.07,1.11,11.11,13.22,49.98,49.98
"26669",20002,11,1,10600,11001010600,3933,1927,1236709,1236709,52370,26166,14195549,13616347,3933,1927,1236709,1236709,7.51,7.36,8.71,9.08,100,100,100,100
"26670",20002,11,1,11100,11001011100,668,291,3608257,3261667,52370,26166,14195549,13616347,4859,1868,6059137,5712488,1.28,1.11,25.42,23.95,13.75,15.58,59.55,57.1
"26671",20003,11,1,6202,11001006202,0,0,109264,109264,26454,13216,6478316,5806697,33,8,11418663,6583173,0,0,1.69,1.88,0,0,0.96,1.66
"26672",20003,11,1,6400,11001006400,0,0,66074,66074,26454,13216,6478316,5806697,2139,1055,916650,689019,0,0,1.02,1.14,0,0,7.21,9.59
"26673",20003,11,1,6500,11001006500,2531,1543,496077,496077,26454,13216,6478316,5806697,2531,1543,496077,496077,9.57,11.68,7.66,8.54,100,100,100,100
"26674",20003,11,1,6600,11001006600,1909,1143,296241,296241,26454,13216,6478316,5806697,1909,1143,296241,296241,7.22,8.65,4.57,5.1,100,100,100,100
"26675",20003,11,1,6700,11001006700,3775,2008,428312,428312,26454,13216,6478316,5806697,3775,2008,428312,428312,14.27,15.19,6.61,7.38,100,100,100,100
"26676",20003,11,1,6801,11001006801,1949,977,245889,245889,26454,13216,6478316,5806697,1949,977,245889,245889,7.37,7.39,3.8,4.23,100,100,100,100
"26677",20003,11,1,6802,11001006802,2084,1004,281353,281353,26454,13216,6478316,5806697,2084,1004,281353,281353,7.88,7.6,4.34,4.85,100,100,100,100
"26678",20003,11,1,6804,11001006804,3670,13,1232228,982221,26454,13216,6478316,5806697,3670,13,2025540,1542921,13.87,0.1,19.02,16.92,100,100,60.83,63.66
"26679",20003,11,1,6900,11001006900,2179,1190,410302,410302,26454,13216,6478316,5806697,2179,1190,410302,410302,8.24,9,6.33,7.07,100,100,100,100
"26680",20003,11,1,7000,11001007000,2228,1268,409481,409481,26454,13216,6478316,5806697,2812,1268,420416,420416,8.42,9.59,6.32,7.05,79.23,100,97.4,97.4
"26681",20003,11,1,7100,11001007100,2911,1461,731369,591092,26454,13216,6478316,5806697,2911,1461,731369,591092,11,11.05,11.29,10.18,100,100,100,100
"26682",20003,11,1,7200,11001007200,2794,2370,1641731,1360396,26454,13216,6478316,5806697,2794,2370,1641731,1360396,10.56,17.93,25.34,23.43,100,100,100,100
"26683",20003,11,1,8002,11001008002,106,44,85977,85977,26454,13216,6478316,5806697,3031,1644,578152,578152,0.4,0.33,1.33,1.48,3.5,2.68,14.87,14.87
"26684",20003,11,1,8100,11001008100,88,49,8149,8149,26454,13216,6478316,5806697,2910,1549,292290,292290,0.33,0.37,0.13,0.14,3.02,3.16,2.79,2.79
"26685",20003,11,1,8200,11001008200,230,146,15919,15919,26454,13216,6478316,5806697,2918,1655,340155,340155,0.87,1.1,0.25,0.27,7.88,8.82,4.68,4.68
"26686",20003,11,1,10500,11001010500,0,0,19950,19950,26454,13216,6478316,5806697,3410,2347,752679,752679,0,0,0.31,0.34,0,0,2.65,2.65
"26687",20004,11,1,5800,11001005800,1611,1543,390617,390617,1622,1543,901753,901753,2830,2306,910808,910808,99.32,100,43.32,43.32,56.93,66.91,42.89,42.89
"26688",20004,11,1,6202,11001006202,11,0,511136,511136,1622,1543,901753,901753,33,8,11418663,6583173,0.68,0,56.68,56.68,33.33,0,4.48,7.76
"26689",20005,11,1,5001,11001005001,689,372,64401,64401,12775,9218,1103659,1103659,1955,1003,204752,204752,5.39,4.04,5.84,5.84,35.24,37.09,31.45,31.45
"26690",20005,11,1,5002,11001005002,5517,3698,217393,217393,12775,9218,1103659,1103659,6021,3853,233508,233508,43.19,40.12,19.7,19.7,91.63,95.98,93.1,93.1
"26691",20005,11,1,5201,11001005201,4143,3225,184988,184988,12775,9218,1103659,1103659,6077,4548,339712,339712,32.43,34.99,16.76,16.76,68.18,70.91,54.45,54.45
"26692",20005,11,1,5800,11001005800,6,0,128646,128646,12775,9218,1103659,1103659,2830,2306,910808,910808,0.05,0,11.66,11.66,0.21,0,14.12,14.12
"26693",20005,11,1,10100,11001010100,2420,1923,508231,508231,12775,9218,1103659,1103659,2621,2067,579751,579751,18.94,20.86,46.05,46.05,92.33,93.03,87.66,87.66
"26694",20006,11,1,6202,11001006202,5,1,137558,137558,3227,940,878122,878122,33,8,11418663,6583173,0.15,0.11,15.67,15.67,15.15,12.5,1.2,2.09
"26695",20006,11,1,10100,11001010100,0,0,19164,19164,3227,940,878122,878122,2621,2067,579751,579751,0,0,2.18,2.18,0,0,3.31,3.31
"26696",20006,11,1,10700,11001010700,55,1,298063,298063,3227,940,878122,878122,1838,1413,891591,891591,1.7,0.11,33.94,33.94,2.99,0.07,33.43,33.43
"26697",20006,11,1,10800,11001010800,3167,938,423337,423337,3227,940,878122,878122,6408,1115,661584,661584,98.14,99.79,48.21,48.21,49.42,84.13,63.99,63.99
"26698",20007,11,1,100,11001000100,4890,2999,1617283,1560175,26866,13849,9060828,7787301,4890,2999,2369696,1868805,18.2,21.65,17.85,20.03,100,100,68.25,83.49
"26699",20007,11,1,201,11001000201,28,2,108371,108371,26866,13849,9060828,7787301,3916,2,542544,542544,0.1,0.01,1.2,1.39,0.72,100,19.97,19.97
"26700",20007,11,1,202,11001000202,5425,2143,1231636,803301,26866,13849,9060828,7787301,5425,2143,1231636,803301,20.19,15.47,13.59,10.32,100,100,100,100
"26701",20007,11,1,300,11001000300,6233,2912,1022350,1020016,26866,13849,9060828,7787301,6233,2912,1022350,1020016,23.2,21.03,11.28,13.1,100,100,100,100
"26702",20007,11,1,400,11001000400,927,480,429495,429495,26866,13849,9060828,7787301,1455,690,1532784,1532715,3.45,3.47,4.74,5.52,63.71,69.57,28.02,28.02
"26703",20007,11,1,701,11001000701,938,661,116076,116076,26866,13849,9060828,7787301,4620,3275,549865,549865,3.49,4.77,1.28,1.49,20.3,20.18,21.11,21.11
"26704",20007,11,1,702,11001000702,3364,2471,292916,292758,26866,13849,9060828,7787301,3364,2471,292916,292758,12.52,17.84,3.23,3.76,100,100,100,100
"26705",20007,11,1,801,11001000801,2192,758,1963915,1819101,26866,13849,9060828,7787301,6709,3528,3076301,2931487,8.16,5.47,21.67,23.36,32.67,21.49,63.84,62.05
"26706",20007,11,1,802,11001000802,2869,1423,2278786,1638008,26866,13849,9060828,7787301,2869,1423,2278786,1638008,10.68,10.28,25.15,21.03,100,100,100,100
"26707",20008,11,1,400,11001000400,522,209,839568,839499,27525,17244,7898155,7865022,1455,690,1532784,1532715,1.9,1.21,10.63,10.67,35.88,30.29,54.77,54.77
"26708",20008,11,1,501,11001000501,3376,2186,944389,940955,27525,17244,7898155,7865022,3376,2186,944389,940955,12.27,12.68,11.96,11.96,100,100,100,100
"26709",20008,11,1,502,11001000502,3189,1774,581504,581504,27525,17244,7898155,7865022,3189,1774,581504,581504,11.59,10.29,7.36,7.39,100,100,100,100
"26710",20008,11,1,600,11001000600,2750,1468,885770,885744,27525,17244,7898155,7865022,4539,2234,1442899,1442828,9.99,8.51,11.21,11.26,60.59,65.71,61.39,61.39
"26711",20008,11,1,1100,11001001100,414,221,118403,118403,27525,17244,7898155,7865022,4779,2234,1676550,1676550,1.5,1.28,1.5,1.51,8.66,9.89,7.06,7.06
"26712",20008,11,1,1200,11001001200,3294,1923,779593,779593,27525,17244,7898155,7865022,5008,2633,1218354,1218354,11.97,11.15,9.87,9.91,65.77,73.03,63.99,63.99
"26713",20008,11,1,1301,11001001301,3955,2156,1205886,1205886,27525,17244,7898155,7865022,3955,2156,2853767,2853142,14.37,12.5,15.27,15.33,100,100,42.26,42.27
"26714",20008,11,1,1302,11001001302,6508,5059,1586777,1586685,27525,17244,7898155,7865022,6857,5375,1592444,1592352,23.64,29.34,20.09,20.17,94.91,94.12,99.64,99.64
"26715",20008,11,1,1402,11001001402,250,159,58130,58130,27525,17244,7898155,7865022,2998,1612,895208,895208,0.91,0.92,0.74,0.74,8.34,9.86,6.49,6.49
"26716",20008,11,1,1500,11001001500,104,32,46618,46418,27525,17244,7898155,7865022,5911,2126,4700012,4687921,0.38,0.19,0.59,0.59,1.76,1.51,0.99,0.99
"26717",20008,11,1,4100,11001004100,2704,1702,813093,783781,27525,17244,7898155,7865022,2708,1702,817012,787700,9.82,9.87,10.29,9.97,99.85,100,99.52,99.5
"26718",20008,11,1,5500,11001005500,459,355,38424,38424,27525,17244,7898155,7865022,6671,4983,637548,628198,1.67,2.06,0.49,0.49,6.88,7.12,6.03,6.12
"26719",20009,11,1,2702,11001002702,1043,636,88931,88931,47992,29093,3431536,3405906,5226,2565,504468,488089,2.17,2.19,2.59,2.61,19.96,24.8,17.63,18.22
"26720",20009,11,1,2802,11001002802,1705,918,78721,78721,47992,29093,3431536,3405906,4277,2142,229968,229968,3.55,3.16,2.29,2.31,39.86,42.86,34.23,34.23
"26721",20009,11,1,3000,11001003000,1702,696,87034,87034,47992,29093,3431536,3405906,3398,1599,209673,209673,3.55,2.39,2.54,2.56,50.09,43.53,41.51,41.51
"26722",20009,11,1,3600,11001003600,4208,2308,305552,305552,47992,29093,3431536,3405906,4208,2308,305552,305552,8.77,7.93,8.9,8.97,100,100,100,100
"26723",20009,11,1,3700,11001003700,5763,2570,292983,292983,47992,29093,3431536,3405906,5763,2570,292983,292983,12.01,8.83,8.54,8.6,100,100,100,100
"26724",20009,11,1,3800,11001003800,4614,2861,355843,355843,47992,29093,3431536,3405906,4614,2861,355843,355843,9.61,9.83,10.37,10.45,100,100,100,100
"26725",20009,11,1,3900,11001003900,4474,2996,401015,380082,47992,29093,3431536,3405906,4474,2996,401015,380082,9.32,10.3,11.69,11.16,100,100,100,100
"26726",20009,11,1,4001,11001004001,3745,2489,275863,271166,47992,29093,3431536,3405906,3745,2489,275863,271166,7.8,8.56,8.04,7.96,100,100,100,100
"26727",20009,11,1,4002,11001004002,2797,1916,196096,196096,47992,29093,3431536,3405906,2797,1916,196096,196096,5.83,6.59,5.71,5.76,100,100,100,100
"26728",20009,11,1,4201,11001004201,3342,2259,204528,204528,47992,29093,3431536,3405906,3342,2259,204528,204528,6.96,7.76,5.96,6.01,100,100,100,100
"26729",20009,11,1,4202,11001004202,2771,1915,194776,194776,47992,29093,3431536,3405906,2771,1915,208409,208409,5.77,6.58,5.68,5.72,100,100,93.46,93.46
"26730",20009,11,1,4300,11001004300,3255,2084,236646,236646,47992,29093,3431536,3405906,3255,2084,236646,236646,6.78,7.16,6.9,6.95,100,100,100,100
"26731",20009,11,1,4400,11001004400,3007,1838,292116,292116,47992,29093,3431536,3405906,4572,2651,521741,521741,6.27,6.32,8.51,8.58,65.77,69.33,55.99,55.99
"26732",20009,11,1,5001,11001005001,1126,543,124474,124474,47992,29093,3431536,3405906,1955,1003,204752,204752,2.35,1.87,3.63,3.65,57.6,54.14,60.79,60.79
"26733",20009,11,1,5201,11001005201,1634,1065,130292,130292,47992,29093,3431536,3405906,6077,4548,339712,339712,3.4,3.66,3.8,3.83,26.89,23.42,38.35,38.35
"26734",20009,11,1,5301,11001005301,2527,1814,117635,117635,47992,29093,3431536,3405906,5051,3890,286398,286398,5.27,6.24,3.43,3.45,50.03,46.63,41.07,41.07
"26735",20009,11,1,5500,11001005500,279,185,49031,49031,47992,29093,3431536,3405906,6671,4983,637548,628198,0.58,0.64,1.43,1.44,4.18,3.71,7.69,7.81
"26736",20010,11,1,1302,11001001302,349,316,5667,5667,30138,13861,2824131,2807752,6857,5375,1592444,1592352,1.16,2.28,0.2,0.2,5.09,5.88,0.36,0.36
"26737",20010,11,1,2302,11001002302,109,5,413523,413523,30138,13861,2824131,2807752,2036,1573,2015426,2010128,0.36,0.04,14.64,14.73,5.35,0.32,20.52,20.57
"26738",20010,11,1,2400,11001002400,217,73,27043,27043,30138,13861,2824131,2807752,3618,1384,556361,556361,0.72,0.53,0.96,0.96,6,5.27,4.86,4.86
"26739",20010,11,1,2502,11001002502,1549,610,139451,139451,30138,13861,2824131,2807752,5973,2415,604505,604505,5.14,4.4,4.94,4.97,25.93,25.26,23.07,23.07
"26740",20010,11,1,2701,11001002701,5233,2845,451448,451448,30138,13861,2824131,2807752,5233,2845,451448,451448,17.36,20.53,15.99,16.08,100,100,100,100
"26741",20010,11,1,2702,11001002702,4183,1929,415537,399158,30138,13861,2824131,2807752,5226,2565,504468,488089,13.88,13.92,14.71,14.22,80.04,75.2,82.37,81.78
"26742",20010,11,1,2801,11001002801,3773,1820,171911,171911,30138,13861,2824131,2807752,3773,1820,171911,171911,12.52,13.13,6.09,6.12,100,100,100,100
"26743",20010,11,1,2802,11001002802,2572,1224,151247,151247,30138,13861,2824131,2807752,4277,2142,229968,229968,8.53,8.83,5.36,5.39,60.14,57.14,65.77,65.77
"26744",20010,11,1,2900,11001002900,3962,1643,302154,302154,30138,13861,2824131,2807752,3962,1643,302154,302154,13.15,11.85,10.7,10.76,100,100,100,100
"26745",20010,11,1,3000,11001003000,1696,903,122639,122639,30138,13861,2824131,2807752,3398,1599,209673,209673,5.63,6.51,4.34,4.37,49.91,56.47,58.49,58.49
"26746",20010,11,1,3100,11001003100,2030,816,229944,229944,30138,13861,2824131,2807752,2885,1131,294805,294805,6.74,5.89,8.14,8.19,70.36,72.15,78,78
"26747",20010,11,1,3200,11001003200,4465,1677,393567,393567,30138,13861,2824131,2807752,4913,1840,444898,444898,14.82,12.1,13.94,14.02,90.88,91.14,88.46,88.46
"26748",20011,11,1,1702,11001001702,106,41,92920,92920,58536,25082,12738136,12631549,2644,1312,936896,936896,0.18,0.16,0.73,0.74,4.01,3.13,9.92,9.92
"26749",20011,11,1,1803,11001001803,2469,1102,244634,244634,58536,25082,12738136,12631549,3514,1612,1169788,1137810,4.22,4.39,1.92,1.94,70.26,68.36,20.91,21.5
"26750",20011,11,1,1804,11001001804,2671,1142,322020,322020,58536,25082,12738136,12631549,4480,1924,601780,601780,4.56,4.55,2.53,2.55,59.62,59.36,53.51,53.51
"26751",20011,11,1,1901,11001001901,3175,1269,579288,579288,58536,25082,12738136,12631549,4016,1603,769144,769144,5.42,5.06,4.55,4.59,79.06,79.16,75.32,75.32
"26752",20011,11,1,1902,11001001902,1804,787,705044,705044,58536,25082,12738136,12631549,1969,861,888252,888252,3.08,3.14,5.53,5.58,91.62,91.41,79.37,79.37
"26753",20011,11,1,2001,11001002001,2340,1026,633491,631327,58536,25082,12738136,12631549,2340,1026,633491,631327,4,4.09,4.97,5,100,100,100,100
"26754",20011,11,1,2002,11001002002,3813,1436,849257,849257,58536,25082,12738136,12631549,3813,1436,849257,849257,6.51,5.73,6.67,6.72,100,100,100,100
"26755",20011,11,1,2101,11001002101,5309,2183,601123,601123,58536,25082,12738136,12631549,5309,2183,601123,601123,9.07,8.7,4.72,4.76,100,100,100,100
"26756",20011,11,1,2102,11001002102,4648,2173,725934,725934,58536,25082,12738136,12631549,4648,2173,725934,725934,7.94,8.66,5.7,5.75,100,100,100,100
"26757",20011,11,1,2201,11001002201,3442,1186,415170,415170,58536,25082,12738136,12631549,3442,1186,415170,415170,5.88,4.73,3.26,3.29,100,100,100,100
"26758",20011,11,1,2202,11001002202,3087,1434,695527,694961,58536,25082,12738136,12631549,3087,1434,695527,694961,5.27,5.72,5.46,5.5,100,100,100,100
"26759",20011,11,1,2301,11001002301,2974,1168,412610,412610,58536,25082,12738136,12631549,2974,1168,412610,412610,5.08,4.66,3.24,3.27,100,100,100,100
"26760",20011,11,1,2400,11001002400,3401,1311,529318,529318,58536,25082,12738136,12631549,3618,1384,556361,556361,5.81,5.23,4.16,4.19,94,94.73,95.14,95.14
"26761",20011,11,1,2501,11001002501,2554,1042,543460,543460,58536,25082,12738136,12631549,2554,1042,543460,543460,4.36,4.15,4.27,4.3,100,100,100,100
"26762",20011,11,1,2502,11001002502,4424,1805,465054,465054,58536,25082,12738136,12631549,5973,2415,604505,604505,7.56,7.2,3.65,3.68,74.07,74.74,76.93,76.93
"26763",20011,11,1,2600,11001002600,2166,1001,2216477,2112648,58536,25082,12738136,12631549,2166,1001,2216477,2112648,3.7,3.99,17.4,16.73,100,100,100,100
"26764",20011,11,1,9501,11001009501,3144,1603,594430,594430,58536,25082,12738136,12631549,5797,1954,1594368,1594368,5.37,6.39,4.67,4.71,54.23,82.04,37.28,37.28
"26765",20011,11,1,9505,11001009505,2405,1121,961801,961801,58536,25082,12738136,12631549,2630,1217,1040706,1040706,4.11,4.47,7.55,7.61,91.44,92.11,92.42,92.42
"26766",20011,11,1,9507,11001009507,1489,607,294693,294693,58536,25082,12738136,12631549,1489,607,294693,294693,2.54,2.42,2.31,2.33,100,100,100,100
"26767",20011,11,1,9508,11001009508,3115,1645,855885,855857,58536,25082,12738136,12631549,3290,1742,944223,944195,5.32,6.56,6.72,6.78,94.68,94.43,90.64,90.64
"26768",20012,11,1,1600,11001001600,3957,1685,2686556,2650939,13414,6058,5925258,5857663,3957,1685,2686556,2650939,29.5,27.81,45.34,45.26,100,100,100,100
"26769",20012,11,1,1702,11001001702,2538,1271,843976,843976,13414,6058,5925258,5857663,2644,1312,936896,936896,18.92,20.98,14.24,14.41,95.99,96.88,90.08,90.08
"26770",20012,11,1,1803,11001001803,1045,510,925154,893176,13414,6058,5925258,5857663,3514,1612,1169788,1137810,7.79,8.42,15.61,15.25,29.74,31.64,79.09,78.5
"26771",20012,11,1,1804,11001001804,1809,782,279760,279760,13414,6058,5925258,5857663,4480,1924,601780,601780,13.49,12.91,4.72,4.78,40.38,40.64,46.49,46.49
"26772",20012,11,1,1901,11001001901,841,334,189856,189856,13414,6058,5925258,5857663,4016,1603,769144,769144,6.27,5.51,3.2,3.24,20.94,20.84,24.68,24.68
"26773",20012,11,1,1902,11001001902,165,74,183208,183208,13414,6058,5925258,5857663,1969,861,888252,888252,1.23,1.22,3.09,3.13,8.38,8.59,20.63,20.63
"26774",20012,11,1,9505,11001009505,225,96,78905,78905,13414,6058,5925258,5857663,2630,1217,1040706,1040706,1.68,1.58,1.33,1.35,8.56,7.89,7.58,7.58
"26775",20012,11,1,10300,11001010300,2834,1306,737843,737843,13414,6058,5925258,5857663,3187,1306,1080390,1080329,21.13,21.56,12.45,12.6,88.92,100,68.29,68.3
"26776",20015,11,1,1001,11001001001,249,115,138939,138939,15332,6756,8952637,8940121,7436,2834,2454487,2454487,1.62,1.7,1.55,1.55,3.35,4.06,5.66,5.66
"26777",20015,11,1,1100,11001001100,3450,1616,887050,887050,15332,6756,8952637,8940121,4779,2234,1676550,1676550,22.5,23.92,9.91,9.92,72.19,72.34,52.91,52.91
"26778",20015,11,1,1301,11001001301,0,0,1647881,1647256,15332,6756,8952637,8940121,3955,2156,2853767,2853142,0,0,18.41,18.43,0,0,57.74,57.73
"26779",20015,11,1,1401,11001001401,3078,1478,788295,788295,15332,6756,8952637,8940121,3078,1478,788295,788295,20.08,21.88,8.81,8.82,100,100,100,100
"26780",20015,11,1,1402,11001001402,2748,1453,837078,837078,15332,6756,8952637,8940121,2998,1612,895208,895208,17.92,21.51,9.35,9.36,91.66,90.14,93.51,93.51
"26781",20015,11,1,1500,11001001500,5807,2094,4653394,4641503,15332,6756,8952637,8940121,5911,2126,4700012,4687921,37.88,30.99,51.98,51.92,98.24,98.49,99.01,99.01
"26782",20016,11,1,400,11001000400,6,1,263721,263721,32519,14842,11892104,11499363,1455,690,1532784,1532715,0.02,0.01,2.22,2.29,0.41,0.14,17.21,17.21
"26783",20016,11,1,600,11001000600,1789,766,557129,557084,32519,14842,11892104,11499363,4539,2234,1442899,1442828,5.5,5.16,4.68,4.84,39.41,34.29,38.61,38.61
"26784",20016,11,1,701,11001000701,3682,2614,433789,433789,32519,14842,11892104,11499363,4620,3275,549865,549865,11.32,17.61,3.65,3.77,79.7,79.82,78.89,78.89
"26785",20016,11,1,801,11001000801,4517,2770,1112386,1112386,32519,14842,11892104,11499363,6709,3528,3076301,2931487,13.89,18.66,9.35,9.67,67.33,78.51,36.16,37.95
"26786",20016,11,1,901,11001000901,7175,1661,3025143,2956421,32519,14842,11892104,11499363,7175,1661,3025143,2956421,22.06,11.19,25.44,25.71,100,100,100,100
"26787",20016,11,1,902,11001000902,2092,862,2184807,1860970,32519,14842,11892104,11499363,2092,862,2184807,1860970,6.43,5.81,18.37,16.18,100,100,100,100
"26788",20016,11,1,1001,11001001001,7187,2719,2315548,2315548,32519,14842,11892104,11499363,7436,2834,2454487,2454487,22.1,18.32,19.47,20.14,96.65,95.94,94.34,94.34
"26789",20016,11,1,1002,11001001002,3442,2342,889723,889586,32519,14842,11892104,11499363,3442,2342,889723,889586,10.58,15.78,7.48,7.74,100,100,100,100
"26790",20016,11,1,1100,11001001100,915,397,671097,671097,32519,14842,11892104,11499363,4779,2234,1676550,1676550,2.81,2.67,5.64,5.84,19.15,17.77,40.03,40.03
"26791",20016,11,1,1200,11001001200,1714,710,438761,438761,32519,14842,11892104,11499363,5008,2633,1218354,1218354,5.27,4.78,3.69,3.82,34.23,26.97,36.01,36.01
"26792",20017,11,1,2302,11001002302,1024,554,416374,416374,17735,7729,5723539,5722793,2036,1573,2015426,2010128,5.77,7.17,7.27,7.28,50.29,35.22,20.66,20.71
"26793",20017,11,1,9201,11001009201,1976,619,640834,640834,17735,7729,5723539,5722793,1976,619,640834,640834,11.14,8.01,11.2,11.2,100,100,100,100
"26794",20017,11,1,9204,11001009204,2273,1188,151604,151604,17735,7729,5723539,5722793,2557,1369,303077,303077,12.82,15.37,2.65,2.65,88.89,86.78,50.02,50.02
"26795",20017,11,1,9301,11001009301,2316,878,805979,805979,17735,7729,5723539,5722793,3143,1230,1101401,1101401,13.06,11.36,14.08,14.08,73.69,71.38,73.18,73.18
"26796",20017,11,1,9302,11001009302,578,239,197101,197101,17735,7729,5723539,5722793,1189,545,403356,403356,3.26,3.09,3.44,3.44,48.61,43.85,48.87,48.87
"26797",20017,11,1,9501,11001009501,763,350,493841,493841,17735,7729,5723539,5722793,5797,1954,1594368,1594368,4.3,4.53,8.63,8.63,13.16,17.91,30.97,30.97
"26798",20017,11,1,9503,11001009503,2665,1130,1262957,1262211,17735,7729,5723539,5722793,2910,1256,1423615,1422869,15.03,14.62,22.07,22.06,91.58,89.97,88.71,88.71
"26799",20017,11,1,9504,11001009504,3025,1354,1026344,1026344,17735,7729,5723539,5722793,3025,1354,1026344,1026344,17.06,17.52,17.93,17.93,100,100,100,100
"26800",20017,11,1,9508,11001009508,175,97,88338,88338,17735,7729,5723539,5722793,3290,1742,944223,944195,0.99,1.26,1.54,1.54,5.32,5.57,9.36,9.36
"26801",20017,11,1,9509,11001009509,2940,1320,640167,640167,17735,7729,5723539,5722793,2940,1320,640167,640167,16.58,17.08,11.18,11.19,100,100,100,100
"26802",20018,11,1,9000,11001009000,2732,1646,1455876,1425229,16894,7652,7841992,7810833,2732,1646,1455876,1425229,16.17,21.51,18.57,18.25,100,100,100,100
"26803",20018,11,1,9102,11001009102,4125,1853,1682227,1681774,16894,7652,7841992,7810833,4127,1854,1835955,1835502,24.42,24.22,21.45,21.53,99.95,99.95,91.63,91.62
"26804",20018,11,1,9301,11001009301,827,352,295422,295422,16894,7652,7841992,7810833,3143,1230,1101401,1101401,4.9,4.6,3.77,3.78,26.31,28.62,26.82,26.82
"26805",20018,11,1,9302,11001009302,611,306,206255,206255,16894,7652,7841992,7810833,1189,545,403356,403356,3.62,4,2.63,2.64,51.39,56.15,51.13,51.13
"26806",20018,11,1,9400,11001009400,4163,1792,1590674,1590674,16894,7652,7841992,7810833,4163,1792,1590674,1590674,24.64,23.42,20.28,20.36,100,100,100,100
"26807",20018,11,1,9503,11001009503,245,126,160658,160658,16894,7652,7841992,7810833,2910,1256,1423615,1422869,1.45,1.65,2.05,2.06,8.42,10.03,11.29,11.29
"26808",20018,11,1,11100,11001011100,4191,1577,2450880,2450821,16894,7652,7841992,7810833,4859,1868,6059137,5712488,24.81,20.61,31.25,31.38,86.25,84.42,40.45,42.9
"26809",20019,11,1,7703,11001007703,5187,2338,1011331,1010272,54358,25109,16785352,15980842,5187,2338,1011331,1010272,9.54,9.31,6.03,6.32,100,100,100,100
"26810",20019,11,1,7707,11001007707,3867,1721,841331,841331,54358,25109,16785352,15980842,3867,1721,841331,841331,7.11,6.85,5.01,5.26,100,100,100,100
"26811",20019,11,1,7708,11001007708,2486,1262,856403,732061,54358,25109,16785352,15980842,2486,1262,856403,732061,4.57,5.03,5.1,4.58,100,100,100,100
"26812",20019,11,1,7709,11001007709,1612,939,804677,722746,54358,25109,16785352,15980842,2007,1144,924682,842751,2.97,3.74,4.79,4.52,80.32,82.08,87.02,85.76
"26813",20019,11,1,7803,11001007803,3293,1652,1002745,1001106,54358,25109,16785352,15980842,3293,1652,1002745,1001106,6.06,6.58,5.97,6.26,100,100,100,100
"26814",20019,11,1,7804,11001007804,3446,1378,847943,843640,54358,25109,16785352,15980842,3446,1378,847943,843640,6.34,5.49,5.05,5.28,100,100,100,100
"26815",20019,11,1,7806,11001007806,2347,1102,688953,688953,54358,25109,16785352,15980842,2347,1102,688953,688953,4.32,4.39,4.1,4.31,100,100,100,100
"26816",20019,11,1,7807,11001007807,2139,906,523805,523805,54358,25109,16785352,15980842,2139,906,523805,523805,3.94,3.61,3.12,3.28,100,100,100,100
"26817",20019,11,1,7808,11001007808,3646,1598,950448,943636,54358,25109,16785352,15980842,3646,1598,950448,943636,6.71,6.36,5.66,5.9,100,100,100,100
"26818",20019,11,1,7809,11001007809,2922,1339,535206,535206,54358,25109,16785352,15980842,2922,1339,535206,535206,5.38,5.33,3.19,3.35,100,100,100,100
"26819",20019,11,1,9601,11001009601,2445,847,2083733,1884954,54358,25109,16785352,15980842,2445,847,2083733,1884954,4.5,3.37,12.41,11.8,100,100,100,100
"26820",20019,11,1,9602,11001009602,3280,1545,1380140,1060277,54358,25109,16785352,15980842,3280,1545,1380140,1060277,6.03,6.15,8.22,6.63,100,100,100,100
"26821",20019,11,1,9603,11001009603,3373,1750,639310,639310,54358,25109,16785352,15980842,3373,1750,639310,639310,6.21,6.97,3.81,4,100,100,100,100
"26822",20019,11,1,9604,11001009604,1962,998,548588,482806,54358,25109,16785352,15980842,1962,998,548588,482806,3.61,3.97,3.27,3.02,100,100,100,100
"26823",20019,11,1,9901,11001009901,819,386,1349585,1349585,54358,25109,16785352,15980842,2249,1070,2102166,2102166,1.51,1.54,8.04,8.45,36.42,36.07,64.2,64.2
"26824",20019,11,1,9902,11001009902,513,227,772500,772500,54358,25109,16785352,15980842,2905,1292,1294603,1294603,0.94,0.9,4.6,4.83,17.66,17.57,59.67,59.67
"26825",20019,11,1,9903,11001009903,1851,722,375868,375868,54358,25109,16785352,15980842,1851,722,375868,375868,3.41,2.88,2.24,2.35,100,100,100,100
"26826",20019,11,1,9904,11001009904,2243,1137,424831,424831,54358,25109,16785352,15980842,2243,1137,424831,424831,4.13,4.53,2.53,2.66,100,100,100,100
"26827",20019,11,1,9905,11001009905,2795,1330,433028,433028,54358,25109,16785352,15980842,2795,1330,433028,433028,5.14,5.3,2.58,2.71,100,100,100,100
"26828",20019,11,1,9906,11001009906,1296,756,247973,247973,54358,25109,16785352,15980842,1296,756,247973,247973,2.38,3.01,1.48,1.55,100,100,100,100
"26829",20019,11,1,9907,11001009907,2836,1176,466954,466954,54358,25109,16785352,15980842,2836,1176,466954,466954,5.22,4.68,2.78,2.92,100,100,100,100
"26830",20020,11,1,7304,11001007304,42,13,7791,7791,49864,22753,12329572,11948308,3546,1376,1249544,1237843,0.08,0.06,0.06,0.07,1.18,0.94,0.62,0.63
"26831",20020,11,1,7401,11001007401,2414,935,1426292,1200796,49864,22753,12329572,11948308,2414,935,1426292,1200796,4.84,4.11,11.57,10.05,100,100,100,100
"26832",20020,11,1,7403,11001007403,2859,1180,326137,326137,49864,22753,12329572,11948308,2859,1180,326137,326137,5.73,5.19,2.65,2.73,100,100,100,100
"26833",20020,11,1,7404,11001007404,3161,1259,786629,786629,49864,22753,12329572,11948308,3310,1308,806734,806734,6.34,5.53,6.38,6.58,95.5,96.25,97.51,97.51
"26834",20020,11,1,7406,11001007406,3063,1066,369735,369735,49864,22753,12329572,11948308,3063,1066,369735,369735,6.14,4.69,3,3.09,100,100,100,100
"26835",20020,11,1,7407,11001007407,2587,1203,610688,610688,49864,22753,12329572,11948308,2587,1203,610688,610688,5.19,5.29,4.95,5.11,100,100,100,100
"26836",20020,11,1,7408,11001007408,3038,1239,382426,382368,49864,22753,12329572,11948308,3038,1239,382426,382368,6.09,5.45,3.1,3.2,100,100,100,100
"26837",20020,11,1,7409,11001007409,3499,1507,397786,397786,49864,22753,12329572,11948308,3499,1507,397786,397786,7.02,6.62,3.23,3.33,100,100,100,100
"26838",20020,11,1,7502,11001007502,4541,1898,615797,615797,49864,22753,12329572,11948308,4541,1898,615797,615797,9.11,8.34,4.99,5.15,100,100,100,100
"26839",20020,11,1,7503,11001007503,2425,1000,499811,499811,49864,22753,12329572,11948308,2425,1000,499811,499811,4.86,4.4,4.05,4.18,100,100,100,100
"26840",20020,11,1,7504,11001007504,2451,1215,796619,796619,49864,22753,12329572,11948308,2451,1215,796619,796619,4.92,5.34,6.46,6.67,100,100,100,100
"26841",20020,11,1,7601,11001007601,4355,2196,1263194,1107484,49864,22753,12329572,11948308,4355,2196,1263194,1107484,8.73,9.65,10.25,9.27,100,100,100,100
"26842",20020,11,1,7603,11001007603,4044,2328,1226652,1226652,49864,22753,12329572,11948308,4044,2328,1226652,1226652,8.11,10.23,9.95,10.27,100,100,100,100
"26843",20020,11,1,7604,11001007604,3644,1931,1368612,1368612,49864,22753,12329572,11948308,3644,1931,1368612,1368612,7.31,8.49,11.1,11.45,100,100,100,100
"26844",20020,11,1,7605,11001007605,3447,1804,453790,453790,49864,22753,12329572,11948308,3447,1804,453790,453790,6.91,7.93,3.68,3.8,100,100,100,100
"26845",20020,11,1,7709,11001007709,395,205,120005,120005,49864,22753,12329572,11948308,2007,1144,924682,842751,0.79,0.9,0.97,1,19.68,17.92,12.98,14.24
"26846",20020,11,1,9901,11001009901,1430,684,752581,752581,49864,22753,12329572,11948308,2249,1070,2102166,2102166,2.87,3.01,6.1,6.3,63.58,63.93,35.8,35.8
"26847",20020,11,1,9902,11001009902,2392,1065,522103,522103,49864,22753,12329572,11948308,2905,1292,1294603,1294603,4.8,4.68,4.23,4.37,82.34,82.43,40.33,40.33
"26848",20020,11,1,10400,11001010400,77,25,402924,402924,49864,22753,12329572,11948308,4365,1828,2734974,2734891,0.15,0.11,3.27,3.37,1.76,1.37,14.73,14.73
"26849",20024,11,1,6202,11001006202,6,3,5195616,4238001,11510,7732,8773595,6770280,33,8,11418663,6583173,0.05,0.04,59.22,62.6,18.18,37.5,45.5,64.38
"26850",20024,11,1,6400,11001006400,2139,1055,772375,544744,11510,7732,8773595,6770280,2139,1055,916650,689019,18.58,13.64,8.8,8.05,100,100,84.26,79.06
"26851",20024,11,1,7301,11001007301,0,0,569542,0,11510,7732,8773595,6770280,3012,991,9874878,4589800,0,0,6.49,0,0,0,5.77,0
"26852",20024,11,1,10200,11001010200,2324,1654,1216402,1069944,11510,7732,8773595,6770280,2324,1654,1386288,1239830,20.19,21.39,13.86,15.8,100,100,87.75,86.3
"26853",20024,11,1,10500,11001010500,3410,2347,632983,632983,11510,7732,8773595,6770280,3410,2347,752679,752679,29.63,30.35,7.21,9.35,100,100,84.1,84.1
"26854",20024,11,1,11000,11001011000,3631,2673,386677,284608,11510,7732,8773595,6770280,3715,2673,1028564,646540,31.55,34.57,4.41,4.2,97.74,100,37.59,44.02
"26855",20032,11,1,7301,11001007301,2881,991,3652997,3652997,35653,15681,13800113,13604123,3012,991,9874878,4589800,8.08,6.32,26.47,26.85,95.65,100,36.99,79.59
"26856",20032,11,1,7304,11001007304,3504,1363,1241753,1230052,35653,15681,13800113,13604123,3546,1376,1249544,1237843,9.83,8.69,9,9.04,98.82,99.06,99.38,99.37
"26857",20032,11,1,7404,11001007404,149,49,20105,20105,35653,15681,13800113,13604123,3310,1308,806734,806734,0.42,0.31,0.15,0.15,4.5,3.75,2.49,2.49
"26858",20032,11,1,9700,11001009700,3177,1307,409988,403237,35653,15681,13800113,13604123,3177,1307,409988,403237,8.91,8.33,2.97,2.96,100,100,100,100
"26859",20032,11,1,9801,11001009801,1575,766,448655,431384,35653,15681,13800113,13604123,1575,766,448655,431384,4.42,4.88,3.25,3.17,100,100,100,100
"26860",20032,11,1,9802,11001009802,1693,848,200745,200745,35653,15681,13800113,13604123,1693,848,200745,200745,4.75,5.41,1.45,1.48,100,100,100,100
"26861",20032,11,1,9803,11001009803,2758,1416,531054,531054,35653,15681,13800113,13604123,2758,1416,531054,531054,7.74,9.03,3.85,3.9,100,100,100,100
"26862",20032,11,1,9804,11001009804,2473,1071,518352,518352,35653,15681,13800113,13604123,2473,1071,518352,518352,6.94,6.83,3.76,3.81,100,100,100,100
"26863",20032,11,1,9807,11001009807,3072,1551,1038640,1038640,35653,15681,13800113,13604123,3072,1551,1038640,1038640,8.62,9.89,7.53,7.63,100,100,100,100
"26864",20032,11,1,9810,11001009810,2507,1171,412478,398420,35653,15681,13800113,13604123,2507,1171,412478,398420,7.03,7.47,2.99,2.93,100,100,100,100
"26865",20032,11,1,9811,11001009811,4365,1979,467504,467504,35653,15681,13800113,13604123,4365,1979,467504,467504,12.24,12.62,3.39,3.44,100,100,100,100
"26866",20032,11,1,10400,11001010400,4288,1803,2332050,2331967,35653,15681,13800113,13604123,4365,1828,2734974,2734891,12.03,11.5,16.9,17.14,98.24,98.63,85.27,85.27
"26867",20032,11,1,10900,11001010900,3211,1366,2525792,2379666,35653,15681,13800113,13604123,3211,1366,5316212,2379666,9.01,8.71,18.3,17.49,100,100,47.51,100
"26868",20036,11,1,4202,11001004202,0,0,13633,13633,5435,4269,862180,862180,2771,1915,208409,208409,0,0,1.58,1.58,0,0,6.54,6.54
"26869",20036,11,1,5201,11001005201,300,258,24432,24432,5435,4269,862180,862180,6077,4548,339712,339712,5.52,6.04,2.83,2.83,4.94,5.67,7.19,7.19
"26870",20036,11,1,5301,11001005301,2524,2076,168763,168763,5435,4269,862180,862180,5051,3890,286398,286398,46.44,48.63,19.57,19.57,49.97,53.37,58.93,58.93
"26871",20036,11,1,5500,11001005500,1536,994,138892,138892,5435,4269,862180,862180,6671,4983,637548,628198,28.26,23.28,16.11,16.11,23.03,19.95,21.79,22.11
"26872",20036,11,1,10700,11001010700,1075,941,516460,516460,5435,4269,862180,862180,1838,1413,891591,891591,19.78,22.04,59.9,59.9,58.49,66.6,57.93,57.93
"26873",20037,11,1,100,11001000100,0,0,752413,308630,14642,8154,2520640,1668857,4890,2999,2369696,1868805,0,0,29.85,18.49,0,0,31.75,16.51
"26874",20037,11,1,4100,11001004100,4,0,3919,3919,14642,8154,2520640,1668857,2708,1702,817012,787700,0.03,0,0.16,0.23,0.15,0,0.48,0.5
"26875",20037,11,1,5500,11001005500,4397,3449,411201,401851,14642,8154,2520640,1668857,6671,4983,637548,628198,30.03,42.3,16.31,24.08,65.91,69.22,64.5,63.97
"26876",20037,11,1,5600,11001005600,6756,4059,475077,467891,14642,8154,2520640,1668857,6756,4059,475077,467891,46.14,49.78,18.85,28.04,100,100,100,100
"26877",20037,11,1,6202,11001006202,6,4,656391,264927,14642,8154,2520640,1668857,33,8,11418663,6583173,0.04,0.05,26.04,15.87,18.18,50,5.75,4.02
"26878",20037,11,1,10700,11001010700,708,471,59702,59702,14642,8154,2520640,1668857,1838,1413,891591,891591,4.84,5.78,2.37,3.58,38.52,33.33,6.7,6.7
"26879",20037,11,1,10800,11001010800,2771,171,161937,161937,14642,8154,2520640,1668857,6408,1115,661584,661584,18.93,2.1,6.42,9.7,43.24,15.34,24.48,24.48
"26880",20045,11,1,5800,11001005800,0,0,27766,27766,0,0,27766,27766,2830,2306,910808,910808,0,0,100,100,0,0,3.05,3.05
"26881",20052,11,1,10800,11001010800,470,6,7062,7062,470,6,7062,7062,6408,1115,661584,661584,100,100,100,100,7.33,0.54,1.07,1.07
"26882",20053,11,1,10500,11001010500,0,0,85108,85108,0,0,85108,85108,3410,2347,752679,752679,0,0,100,100,0,0,11.31,11.31
"26883",20057,11,1,201,11001000201,3888,0,434173,434173,3888,0,434173,434173,3916,2,542544,542544,100,0,100,100,99.28,0,80.03,80.03
"26884",20064,11,1,9501,11001009501,1890,1,506097,506097,1890,1,506097,506097,5797,1954,1594368,1594368,100,100,100,100,32.6,0.05,31.74,31.74
"27191",20202,11,1,10200,11001010200,0,0,18721,18721,0,0,18721,18721,2324,1654,1386288,1239830,0,0,100,100,0,0,1.35,1.51
"27192",20204,11,1,10500,11001010500,0,0,14638,14638,0,0,14638,14638,3410,2347,752679,752679,0,0,100,100,0,0,1.94,1.94
"27193",20228,11,1,10200,11001010200,0,0,81628,81628,0,0,81628,81628,2324,1654,1386288,1239830,0,0,100,100,0,0,5.89,6.58
"27194",20230,11,1,6202,11001006202,0,0,55495,55495,0,0,55495,55495,33,8,11418663,6583173,0,0,100,100,0,0,0.49,0.84
"27195",20240,11,1,10800,11001010800,0,0,31673,31673,0,0,31673,31673,6408,1115,661584,661584,0,0,100,100,0,0,4.79,4.79
"27196",20245,11,1,6202,11001006202,0,0,64474,64474,0,0,64474,64474,33,8,11418663,6583173,0,0,100,100,0,0,0.56,0.98
"27197",20260,11,1,10200,11001010200,0,0,44402,44402,0,0,44402,44402,2324,1654,1386288,1239830,0,0,100,100,0,0,3.2,3.58
"27198",20307,11,1,10300,11001010300,353,0,342547,342486,353,0,342547,342486,3187,1306,1080390,1080329,100,0,100,100,11.08,0,31.71,31.7
"27199",20317,11,1,2302,11001002302,903,1014,1185529,1180231,903,1014,1185529,1180231,2036,1573,2015426,2010128,100,100,100,100,44.35,64.46,58.82,58.71
"27200",20319,11,1,11000,11001011000,84,0,641887,361932,84,0,641887,361932,3715,2673,1028564,646540,100,0,100,100,2.26,0,62.41,55.98
"27201",20373,11,1,7301,11001007301,131,0,938611,936803,131,0,938611,936803,3012,991,9874878,4589800,100,0,100,100,4.35,0,9.51,20.41
"27202",20390,11,1,7000,11001007000,584,0,10935,10935,584,0,10935,10935,2812,1268,420416,420416,100,0,100,100,20.77,0,2.6,2.6
"27203",20405,11,1,10800,11001010800,0,0,33011,33011,0,0,33011,33011,6408,1115,661584,661584,0,0,100,100,0,0,4.99,4.99
"27204",20418,11,1,6202,11001006202,0,0,29418,29418,0,0,29418,29418,33,8,11418663,6583173,0,0,100,100,0,0,0.26,0.45
"27205",20427,11,1,10700,11001010700,0,0,17366,17366,0,0,17366,17366,1838,1413,891591,891591,0,0,100,100,0,0,1.95,1.95
"27206",20506,11,1,6202,11001006202,0,0,49203,49203,0,0,49203,49203,33,8,11418663,6583173,0,0,100,100,0,0,0.43,0.75
"27207",20510,11,1,6202,11001006202,0,0,30810,30810,0,0,30810,30810,33,8,11418663,6583173,0,0,100,100,0,0,0.27,0.47
"27208",20520,11,1,6202,11001006202,0,0,79164,79164,0,0,83728,83728,33,8,11418663,6583173,0,0,94.55,94.55,0,0,0.69,1.2
"27209",20520,11,1,10800,11001010800,0,0,4564,4564,0,0,83728,83728,6408,1115,661584,661584,0,0,5.45,5.45,0,0,0.69,0.69
"27210",20535,11,1,5800,11001005800,8,0,12919,12919,8,0,12919,12919,2830,2306,910808,910808,100,0,100,100,0.28,0,1.42,1.42
"27211",20540,11,1,6202,11001006202,0,0,86892,86892,0,0,86892,86892,33,8,11418663,6583173,0,0,100,100,0,0,0.76,1.32
"27212",20551,11,1,6202,11001006202,0,0,23513,23513,0,0,23513,23513,33,8,11418663,6583173,0,0,100,100,0,0,0.21,0.36
"27213",20553,11,1,10200,11001010200,0,0,25135,25135,0,0,25135,25135,2324,1654,1386288,1239830,0,0,100,100,0,0,1.81,2.03
"27214",20560,11,1,6202,11001006202,0,0,51472,51472,0,0,51472,51472,33,8,11418663,6583173,0,0,100,100,0,0,0.45,0.78
"27215",20565,11,1,6202,11001006202,0,0,173126,173126,0,0,173126,173126,33,8,11418663,6583173,0,0,100,100,0,0,1.52,2.63
"27216",20566,11,1,6202,11001006202,0,0,102187,102187,0,0,102187,102187,33,8,11418663,6583173,0,0,100,100,0,0,0.89,1.55
"27217",20593,11,1,6400,11001006400,0,0,78201,78201,0,0,78201,78201,2139,1055,916650,689019,0,0,100,100,0,0,8.53,11.35
